{
    "accuracy": 0.6481927710843374,
    "precision": 0.7899628252788105,
    "recall": 0.40786948176583493
}